x1,x2,x3,y
0.46946484270832456,-1.0,-0.7884356871305231,-8.715425373607381
-1.0,0.8147539726028608,-0.47107709308855705,5.380100353460221
-0.5674601672237607,-0.8354718681010103,-0.3124693909802776,2.3016452820387503
-0.3232646517290152,-0.21679866649585944,-0.15641638156136617,0.8009742609657575
1.0,1.0,0.3187164184212665,13.803443102000035
-0.41858569992695704,0.28278434653633444,-0.30568116489540986,-0.17128179337540606
0.11251826591263159,1.0,-0.3820248318899311,9.988954496856548
-0.6723929778436402,-1.0,0.3358891736475422,5.414687367856471
-1.0,0.7766304385829748,-0.683616819638178,7.349525605399827
-1.0,-0.09821359911024774,1.0,3.617792127400761
0.6191198631257708,-1.0,-0.272191867745875,-1.7720715793030462
-0.11485617689117533,1.0,1.0,13.609462834734082
0.09851979974407876,-0.13494024438023455,-0.1799199952800663,0.8220463131396105
-1.0,-0.5006902843001149,-0.7805195736191737,1.3323814345725866
-0.335576810979648,1.0,-0.7853149022011472,5.730728295920332
0.3659408773409847,0.28831143039379437,-1.0,-2.652707285495785
1.0,-0.4173907557209404,-0.8485736166303097,5.495953664766425
0.8156622220417047,-1.0,-1.0,-28.228839253407944
-0.5897468253174665,0.49502053249373534,0.22596563964341065,-1.059352061108699
-0.7285574640042338,0.34782015429264446,1.0,2.114229065269433
0.9777090649231579,-0.4493838319930785,1.0,4.277512913921559
1.0,0.459034686167781,1.0,21.55332517371991
0.6393064948033318,0.23222666347372956,1.0,3.7204968598448764
0.4173462646936854,0.5942939807515659,-0.3778647929854042,0.8832220366650683
-0.8046315914527205,-0.05891343887867828,1.0,2.437365456281026
-0.3589338041406629,-0.09610550838205012,0.15911029748673822,0.30379362343470556
1.0,0.6787756545378862,-1.0,15.487998968388201
-1.0,0.0882804132387176,0.9756606330173982,2.272335144011124
0.7515202168705322,-1.0,0.004150431920107334,-2.969797885293154
0.6374102594816609,-0.0065873309752659814,0.5832820396597456,1.375041491909046
0.4009893303233243,1.0,-0.7146989420823977,11.249802668166012
-0.3336277959262348,-0.008299529482022061,-0.09697468590412894,0.03233643921195861
-1.0,0.11318503273142477,0.18056437005184378,-4.697354253441302
0.7276443893205493,0.24363054724655386,-1.0,-0.16480287954601794
0.04322143709222437,0.7930099479352375,0.47363040426263225,2.5768214022684552
-0.6807632324552984,1.0,-1.0,1.0199665922299685
0.6958777252669957,-1.0,1.0,-7.740974535681164
-0.358008331886547,-1.0,-0.10942179758478376,2.23193485925378
1.0,-1.0,-0.27909833878232915,-9.0897297279547
-0.7226632500562735,-0.42815784543645186,-0.6536530065642343,1.1014191647609595
0.14167203072623802,-1.0,0.1849367903961039,1.5934190403929147
1.0,0.13625691192505474,-1.0,9.329882593649609
0.6739023066192602,0.1449318502432415,-0.614037828770279,1.1967439912920332
0.855492362323987,0.07469088879867725,0.9742128583123224,6.276144908446262
-1.0,0.6146618280381606,0.8695111174207479,0.23683212343051013
-0.4392844788516399,-0.02506054730363827,-0.7266631887906976,0.1920855173167278
0.9282942270409169,-0.10370264295219767,1.0,7.381782854838514
-0.20499649033401468,0.3888026792364534,-0.20307576030442864,-0.6575519867434895
-0.4254489609570018,-0.5188173482735141,0.9712017585837827,0.7044564695803677
0.15581877820095924,0.15728799555649475,-0.5326837371929656,0.7984210193141286
0.25920344482817104,-0.5359403081114096,1.0,-3.340531413040809
0.820589103501908,-0.1968951554329661,-0.5407962684805556,2.2869446639678443
-0.19319451822519573,1.0,-0.17237335055570346,8.39092811508948
0.7550192235446413,-0.6777054654356558,-0.357642145252802,1.0677671229881527
-1.0,1.0,-0.8004687578729968,14.16994382908771
-1.0,-0.2280779918304523,-0.5947700579357957,-1.930322526931843
-0.7202271097836821,-0.15160568468245095,0.6003102412119548,-0.5807932547722208
-0.9333525566597425,-0.8422228587758531,0.23061382240621775,5.290152299801179
0.36188525205195243,0.0835966644185786,-0.1938978352018521,1.6454847538002007
0.7360037423027102,0.43610525871175043,0.17991762250928134,2.3298002406615463
-0.12783755022140175,0.15085755023652325,-0.48312909379470725,0.017404897915018314
-0.005686507809649521,0.07941032705992535,-1.0,-3.127392450223888
0.1508483019138256,-0.7206185519241219,-1.0,-8.68649544819749
-0.07063763789941402,0.8060134501477343,1.0,7.5029063422038
0.28805698728519924,-0.22472345274665195,-0.13000999686134018,1.299887814790831
0.1987392494012148,0.36798075372967376,1.0,2.9367201281524165
0.9672894769786657,-0.7310741019762685,-0.8643482502801394,-0.049498934281011334
0.7162794488777195,-0.5705597964499525,-1.0,-7.424718399089993
-0.6576995888391304,0.3286782499544414,-0.27293858322897213,-1.8860607677511754
0.19781849497523885,-1.0,0.29987153085236806,0.9525149385155228
1.0,-0.9850003857086129,1.0,-7.993450591501741
0.30944197330428924,1.0,-1.0,5.334393700624052
-0.010352887229111651,0.7240291611581859,-0.7687989196091365,1.1265580098377057
-0.3482583328861364,0.13019502835216135,-0.7965097930914451,-0.21771284376543248
1.0,0.7655253168546032,0.6398107323155102,13.076567962872671
-1.0,-0.6638669182647379,1.0,12.533923084647382
-0.001959640994176892,-0.31934649224259437,-0.6294304095734642,0.9850846565107625
1.0,-0.8101264831216815,-0.7073312503078832,1.1325272102237616
0.3382596598796439,0.3018183876405087,0.025002876959390408,0.5666120130306198
0.06899646659466363,0.8415623508458736,-1.0,-2.3677196817453567
-0.33774482679745943,-1.0,1.0,-4.497568931264647
-0.10721926596147746,0.9841641408543227,0.7641249042467011,9.249368250384315
0.8549261452457053,-0.12296976018015005,-0.16557286257424075,2.340979928149817
-0.1153489238329315,-0.5123129117995198,-1.0,-4.914416698677466
1.0,-0.08586560271590793,-1.0,7.44293303451665
1.0,0.7078312625228809,0.9028049697680203,20.21557309970749
-0.6633729437613769,-1.0,0.632208680640916,5.378701647132062
1.0,-1.0,-1.0,-30.671602688680842
-0.6465131166724423,-0.04165936533698056,-1.0,0.9986299536471162
0.04931010618775589,-0.345161998754032,-0.8812844027064939,-1.8576278584090962
1.0,-1.0,-1.0,-30.58809699099022
-0.412476841710393,0.0157903306136411,0.2948289398695858,-0.5083972525110354
0.33424038643512777,0.03984056495612065,0.2668299415872972,1.0377888747507762
0.26416319821107415,0.7461196121360518,0.002435609395007088,1.9980801519960472
0.948200634311505,0.28326669209286126,-0.588386052437815,3.9863366882810096
-0.7227004930282528,-1.0,0.11604576303259306,6.59656749686291
0.3231331407800464,0.8777643451806239,0.19902371173405076,3.306438308931148
-1.0,-0.6162458766000141,0.7404055495447277,5.101664695697103
0.009120037571932027,-0.6339946498064757,-1.0,-6.904625478838273
0.41541611490242913,0.08694547751084758,0.7119491579863366,0.5502200586025229
-1.0,1.0,1.0,17.815162351219723
-0.7005401681126098,-0.7064365372677799,0.15688684641832462,2.2742951864278376
1.0,0.13841645661227497,-0.4269604511227181,4.795243429860676
0.2730386243702021,-0.6866268180544162,0.6001826577456253,1.1037780782064215
1.0,-0.6342613726206427,0.7408692437026327,4.067126265145602
-1.0,0.23375683956180815,0.8185989478279347,-2.7899166509059192
1.0,-0.5667836404319502,0.010727425870104002,2.7110625784037925
-0.3601163739384916,-0.6670586361213506,0.6619937838014265,-0.29052427164436745
-0.22219350951502004,-0.8625972304681861,-0.9813538722162296,-9.475005999136547
0.485589074865163,0.01834824073005814,-0.3552667226297741,1.3210766437323886
-1.0,0.8508619949116745,-1.0,19.81350893824894
0.11311194147912085,-0.7630340942966207,0.37564499692010767,0.7378401585637628
-0.65461715417714,1.0,0.39285113656746473,4.444133803583425
0.6781137578212106,-0.3747584427438355,-0.9990479403159711,-5.16890559848822
-0.2877998065956271,1.0,-0.08968807662208578,7.4451877875101475
-0.7260148153984929,-0.6036376568189477,-1.0,-0.02165553483514887
0.07171216632583888,-0.2392383101681288,-1.0,-3.4185620119462325
0.9402709314492361,0.5661001820581417,-1.0,7.658512152368006
0.2975992265307146,-0.28463357124404975,-0.07393662313080229,2.0843376472423687
-1.0,0.8323422786982186,-0.20184372119830485,3.4659118127219792
0.9098983690656794,-1.0,0.5035526298802364,-4.916076597274888
0.9772174664930537,0.25781714270254996,0.4416019066091532,6.461032372271633
-0.6239391219693664,0.9006017523934522,0.5234701288352563,1.853117481905827
-0.8956231015945084,-0.16132014726097865,-1.0,6.641948046746269
-0.4401025487531707,0.27826561867330124,-1.0,-2.5260564497334044
-0.7388996827855077,-0.7039422473922547,0.6146819276223789,3.1674909091503287
0.5494796678272584,-0.3263610111782198,-0.7727899258387776,0.539724790697604
0.13287415289739024,0.5869529790489445,0.616260289114807,1.2303466907296723
-0.5442080301017926,0.8479860852943728,0.2856372282866184,0.8264787543057066
-0.35084146327844135,1.0,0.11913321557595724,6.596564251863622
0.5630508978955011,0.6296400832927147,-0.1439004422930652,1.5832856223442973
0.6205538018626322,0.7953949069566066,0.1362635476083276,2.24835596458048
-0.7434797111082783,-0.20260996975076573,0.32798381532347043,-0.6324099059755525
0.2744300610530914,1.0,0.03649972778704136,7.4341918887209815
-0.11738174890210584,-0.18302099527617322,-0.6956483704752021,1.0043610755198085
0.29240550665686404,-0.08463078045994599,-0.13235401171202943,1.6017108018370747
-0.5546844156668909,0.22602311045799306,0.21551581174538237,-1.166686218381066
-0.4920439123166256,0.1365529275993551,0.597683063961858,-0.17344144385138316
1.0,1.0,-0.45310866080180734,20.044163040311446
0.6858117454857757,0.21596309616250386,0.5447253295550514,2.8220728686303858
0.21004475081967233,1.0,1.0,10.90382695941892
1.0,0.2925679623578663,1.0,18.525106696791624
-0.5183361400774069,-1.0,-0.24791923320022002,4.232796309076902
-1.0,-1.0,0.7741051578231934,16.672077890329994
-0.2549789546582577,0.2890102471527227,0.7490801626624579,-0.4814982546811926
-0.27651270520004534,0.3950055328251523,0.17389565376919225,-1.1596673566459517
0.7229532323812129,-1.0,1.0,-7.636265323067587
0.44012837352180734,0.024620521125687356,-0.5451350272337316,2.034929895383861
0.3582264711845806,-0.4069718843720882,-0.6129894168518275,0.14804359468709016
-0.09553666174412268,-1.0,-0.25055746155554814,2.611563507907918
-0.18242124995998776,-1.0,0.7928535650481792,-1.2485116882244678
0.036326691593010274,0.14273599507601054,0.04599183109214189,0.4719039669606575
0.31372851856251405,1.0,1.0,9.829912545124385
-0.24400709965927359,0.663256836552836,-1.0,-4.12897768628788
-0.15013500460788998,1.0,-0.6279878630413944,9.707130057280846
1.0,0.645649867710651,-1.0,14.133282874184724
1.0,0.12673348959019726,-0.29465889070190565,4.122111215093905
-0.7697019860225962,1.0,0.3736387162235808,2.3475792501268335
-1.0,-0.7291955972240918,-0.36852690329733684,1.7767738381342768
-0.41637541436955616,0.07942884445086595,0.37397398313624763,-0.27276680189356717
-1.0,-0.35467477748580545,0.31113774031411556,-2.1566478422164623
0.4056690251485353,0.46298182230914975,-0.2000731100335591,0.8479078669308523
-0.28557178370472824,0.8414147462580657,-0.7770430886417428,0.13110867139604093
-0.08217704768286005,0.21680404028872524,-0.17468413904068014,-0.11314317879125335
-0.23845450488764253,-1.0,-0.5755386803435667,0.0033610400374947114
0.9507153218366762,1.0,-0.47980450635445404,17.558431723014703
-0.9004336545999974,-0.2288779242625354,0.03498660214060556,-1.9020672182853289
0.09552754028697819,0.4530813810091101,0.8318046709284879,1.3777387820549618
-0.4213972969600046,-0.11968579163751536,0.3017530113868785,-0.28673554515264615
0.7539413916912054,0.5022143733647426,-1.0,0.7987846490998806
1.0,0.8950304848033757,0.12754321371592225,11.144687934957497
1.0,-0.6424074962460153,0.21857466675313963,3.471440707721657
0.3424621783601236,-0.3486124691092798,-0.020579050501677854,1.6063606812671853
0.8854082145243951,0.9168155702308136,1.0,19.12341490554895
0.025070048525903665,0.4434151761612646,0.5881042394376388,0.7265803002897653
-1.0,0.22630137228456948,1.0,3.3538448151072284
-0.9199054863278227,1.0,1.0,16.649483026740562
-0.7799935682450541,-1.0,0.6211643331221539,6.268920304963165
1.0,0.4345445285432312,0.4542631547550344,8.951647337794192
0.13054307994683767,0.4219479560933943,-0.5038078371091972,1.0677561870705379
1.0,0.13128501863106457,-0.14371003018008555,4.290593796741787
1.0,0.2935341488367109,-0.4124779892873893,4.635062888141287
-0.309062573988683,0.7805516757874038,-0.6773260787201116,0.40915621670569846
0.25959839314005784,0.017858192803456463,-0.8128796925955695,0.7456427401938519
1.0,1.0,1.0,26.35984036785546
-1.0,-0.03317806378130994,-0.20427283338943236,-3.997238179779093
0.647222392341023,0.6960941940745973,-0.05009927855289531,1.6197102624369855
-0.6645781065561773,-1.0,-0.29692363473052996,4.469715428253737
-0.2935549136440727,0.12930102810370858,-0.46908917104117887,-0.5462730940147456
-0.17567005850742157,-0.7922953888179998,0.6159073591338853,1.013658724670062
0.6187514284704949,-0.7114042596405765,-1.0,-9.544376715495854
-0.7410450119328862,-0.7872365196360978,0.0973305882002069,2.7127633755776195
1.0,-1.0,0.7640778149162473,-5.720414343332814
-0.824819305825018,-0.5137286423709742,-0.429636159355929,1.5900270958033063
-1.0,0.19011480907529155,1.0,3.3701825901245464
0.8350160410705671,-0.7463738418796537,-0.6617003087133686,0.645139043837887
-0.7665995343070555,1.0,0.20458720936021235,3.9397901599116247
1.0,-0.30524473906751126,0.5101904151994234,5.7655104233186485
-0.30302502986824487,0.24178339106221802,-0.6283298455995316,0.4783906126110575
-0.005746898164162184,0.7240909156436519,-1.0,-4.330822703148676
1.0,-0.4182193165841732,-0.042363810780246425,3.4972846201330743
0.4821991191272883,-0.0926459901662191,0.5055328048753331,1.3762229864410085
-1.0,-0.5952458084471652,0.3152464893779843,0.5310070703426002
-0.9869758322371434,0.2753596986900746,1.0,3.1122911980194954
-0.7351213602609883,0.519762476898636,0.3432219800683498,-2.495334379348563
-0.10123001844877955,0.27574925577400045,-0.4222981978666538,-0.31680922693377345
-1.0,0.411816672589967,-0.20189943610081995,-2.3789601585449844
0.06664623780423229,-0.4024305552510723,0.2554896865185248,0.9571755875092348
0.7039297603976014,-0.34405152878605993,-1.0,-4.261806199280464
1.0,-0.36871949490718103,-0.5768538809063137,4.4494806596331955
0.9733512411137675,-0.11015473289796329,-0.2611399710835327,4.355232313866595
-0.3022934387353602,0.614375707414706,-1.0,-4.1357536075217425
1.0,1.0,-0.18226270573653292,15.77952256852641
0.05380899237415804,-0.9520505943335122,-0.4342941029101197,1.1835452850196215
1.0,1.0,-0.4023040314360704,18.443063202951222
-0.4419324477653521,1.0,1.0,16.05432500109792
1.0,-1.0,-0.932630933600485,-24.063323382682867
-0.5454844251238751,-0.8752653990924422,0.30109592825450915,3.6516035873114783
-0.35119134334027113,0.42398095155345694,-0.40440333090450986,-0.6282307034887302
0.5023258546720004,-0.19008148863989827,0.4838139578451899,0.5060653005753469
0.2776872687714462,0.275833726701884,0.026623979631717143,1.7399371206733552
0.6335590134790394,0.8411801864220865,0.9043954442428077,7.517921531170894
-0.42400975696665566,0.6739215564896084,0.053803330166973806,-0.5083468639249329
0.878407036204518,-0.12723600934620127,0.09697709232409424,3.059389360822829
0.623483233052174,-0.5396702635841399,0.18173246187266368,1.8278894332854838
-1.0,0.8448502517983272,-0.43207445821903745,6.05045647489794
-0.28099366309906926,-0.3802641630769352,-1.0,-3.7518099328991235
-0.9842696931454309,1.0,-0.2575739541930573,9.786841519849988
-1.0,0.9186266982820164,0.013888877564443236,4.859043593189077
1.0,-0.48664476689997427,0.6929537004432278,6.255250434315987
-1.0,-0.507001444749055,0.29929153569933153,-0.2995195542823027
-0.06630025882291357,0.12261466935359899,0.3196350094103595,-0.8662132375305142
-0.2431523920316736,-0.3009949775607075,-0.606509070289792,0.563659763947129
0.30819712576200864,0.6901388395415688,0.17240485907989256,1.3954083340801513
-0.14084955679379885,0.951482341787453,-0.8059314812987539,4.676756282451979
-1.0,-0.45037847333850833,0.5039817945640905,-0.07240211112545644
0.29685031743789203,-0.32466179158488884,0.05066943911691446,0.9741070286705771
-0.6547534988875101,-1.0,-1.0,-8.568648711352765
0.9253544816864734,0.19360050724706057,-0.046272983131574685,4.022209713340545
-0.9148603033150466,0.1144735053921686,0.8942670095217025,-0.6833837781708579
1.0,-1.0,-0.2177799651865282,-8.643838788790982
-1.0,0.06983033672766048,0.24932266524046587,-4.5419807008026565
0.5533592896447332,-0.0459551430257612,0.5457259675315125,1.1939312570784133
1.0,-0.8114043578060279,1.0,-1.0280056660673234
-1.0,1.0,1.0,17.780804143149652
0.2732579109854927,0.5182217583245254,-1.0,-3.9094694533630934
0.055033404157323496,-1.0,0.6121974659041365,-0.15762628053389952
-0.7585401812886874,-0.5261224537114608,0.7289350030287949,2.0646772635118165
-0.2842200043437457,0.7493472705045232,-0.08834453444767676,0.20482641553534742
-0.8462141819998836,1.0,-1.0,6.164394058463444
0.6968787011637079,-0.5210086075737346,-0.44913794571814347,0.6326695733734349
-0.14378973829804687,0.13490221208069753,1.0,0.7125048161906385
0.9602788935606024,-1.0,0.34322434498321375,-5.906218443720946
0.9469779291325533,0.49842379337978815,1.0,19.216126953078245
0.8860753596995807,1.0,-0.7830833601954186,20.67030012072512
0.37623161106913416,0.03527244903421889,-0.9685260745839854,-1.7685573849965368
0.18673618121580504,-1.0,-0.517572508112863,-1.5736744037483243
-0.6065607201784562,-0.48034243384487696,1.0,3.069102520861473
0.6942621173394201,0.025652849566433433,0.527290408469343,2.223289131600924
-0.3781782984388027,-0.8328716177606197,0.36503067779480647,1.9244067652875536
0.9336278995129754,-0.07635486006475967,1.0,8.097520780406096
0.4749873238576543,-0.3951232816832575,0.23573094911517467,0.9935250752372474
-0.49932694916461884,0.3938121870058291,0.6513208407860245,-1.3549794052588913
-0.5215739585839214,0.17301081242852323,0.12729104594145602,-1.3643899587304409
-0.4972609613518417,-0.8229124421756435,0.3928822377186383,1.3689899964964742
0.20651115417595634,-0.9560446469095947,-0.10032136717132212,2.16262045903802
-0.5549851816947011,-0.3549080670495117,-0.6888770791264827,0.6657728864679889
-0.25991426632082626,0.6719072927262477,-0.8703578465038437,-1.3716835638743827
-0.44868300148862983,0.40079463880210286,-0.6530421177372996,-0.6880671062423049
-0.6784217446563949,0.9378707518154292,0.7259538095082172,4.033267761671923
-0.8661079408213683,0.9816242136991782,-0.0974701944343308,4.941560675567155
0.04513960944126061,0.8497921374776214,0.7385145461989426,4.943191331177901
-0.8993752983186298,-0.34661612457077307,0.8590622911830799,2.8597972151438045
0.3786190193099368,-0.6067625177682701,-0.16357563072211034,0.8362119321249789
-0.7802655144038753,-0.6987432253306669,0.18526392360616573,2.4947764081563637
-0.3922529778830206,-0.8413169116298833,-0.011064556177183826,2.8439183257195264
-1.0,0.36489803814069455,0.8532210978386672,-1.8022827671991393
1.0,1.0,0.5051061355791293,13.904207474602554
-0.3727203271915953,1.0,-1.0,2.1245791020862863
0.033977811771747746,0.7988981173927321,-0.550681564987904,2.2068425092433155
0.13497337387365405,0.4278145873700092,0.09463497335432591,0.3784650649429263
0.0735587480986255,1.0,0.1664102525942599,7.411273300920765
-0.33142313684309066,0.22559669719298614,-0.5214928588900825,0.9749350391895553
0.9572481376220954,-0.18139416311813616,-0.4184664707345098,2.6927855279792228
-0.8139891820430447,0.6701265704581096,-1.0,4.343291921242329
-1.0,-1.0,0.9799890433089726,21.63862984928078
1.0,-0.2999799763291908,0.23663934647222518,4.164292412159108
-0.17092159434730525,-1.0,0.2902438798796032,2.755432090153995
-0.0004452455710410863,-1.0,-0.12016219223318347,2.110934856918906
-1.0,-1.0,0.9540605615405535,21.23563730666927
0.32403594630510524,1.0,-0.10529861323675327,9.179841505024326
0.12300991951951956,-0.8790568175657469,1.0,-4.827948872253056
-0.18116345300037562,0.06614695230846812,-1.0,-2.0129189109663064
-0.4101575291924453,-0.6457202658988628,-1.0,-4.325373549717829
0.14865109814798894,0.24803983923352257,1.0,1.3735723118571348
0.5590459552881666,-1.0,-0.8920066220781016,-15.315412606269453
0.042186504405750336,-0.9570650930760525,-1.0,-15.270521150417649
0.3075487057573434,-0.9501864546511316,-0.6930611599338099,-2.7448093621248355
-0.2524913780931215,-0.3018290329968467,-0.06781866135032577,0.7688659528866854
-0.5546340475456604,-0.011859028885352618,-0.2628506270230224,-0.6808690310347958
1.0,-0.3981267230723504,-1.0,4.105060952911791
0.7592332774955386,-0.33575125123733507,-1.0,-3.4464694102161517
-1.0,-1.0,0.00913979360053907,7.760624060973998
-0.34445580139077037,-0.12813227935318117,0.13832196599819668,0.27203687498715134
-0.26483421067910706,-0.5912279473451019,0.6423332730913163,-0.24045862161923837
-1.0,0.20054742448771523,-0.8765311250453536,7.5262791058971725
1.0,-0.5071328464833362,1.0,4.663134489326968
-1.0,0.13640963640645043,-0.05958028607783139,-4.622544313144306
0.12922991178211385,-1.0,-0.8923492219054066,-11.282672041861792
0.3609071096504666,-0.9959642937969706,-0.36228855580320807,0.6718789804300315
0.8474346279842533,-0.44986690348433656,-1.0,-2.8737560643957005
1.0,-0.6471430734882793,-0.09682808201468984,2.6610205894231744
0.011584313560982107,-0.4632250989599338,0.20355565220831484,1.924450526227993
-1.0,1.0,-0.7354443115768801,13.906468142961446
-0.02896432090686818,0.06597262832291007,0.5080689263404132,0.49613640571308204
1.0,0.3472290130450797,1.0,19.69579058052945
0.3145088058456298,1.0,-0.6335810066765877,10.393010306785714
0.18237075552256865,1.0,-0.5886978842663046,11.662025981812691
-0.9417155737761869,-0.8008509888421926,-0.9739357943980858,3.71637445623602
0.4771472016846645,-0.6982068278449169,-0.7837838091319498,-0.7704218017240161
-0.1407387792212651,0.17503212208889862,-0.4471310266767008,0.8795133613288678
-0.6472243815995893,-0.39574873400908905,-0.41873031671295724,1.2609986603519145
-0.8876746270268832,-0.02379008125539528,-1.0,7.489160315400318
0.2907782585038152,0.6792737492476095,0.815413301635104,3.0175868914823636
-1.0,-0.5523622477635732,-0.6227398812005083,0.21463684551043963
-1.0,-1.0,0.5845087060099101,13.674364927640939
-0.6104891048111285,-0.15506375923900784,-1.0,-0.010781546392714891
-0.572421869601867,1.0,-0.6581051930525466,4.506526420088203
0.6689845329206929,-0.1339350060253699,1.0,-0.8124394011076106
-0.43673901931396397,-1.0,0.672828090753044,1.2529782121043904
0.8960441893835154,0.24955475686163808,0.3157814646018611,4.255195790261554
0.024456013621897865,0.495064166355375,1.0,4.291519549532286
-0.6957338401360043,-0.27811595219769125,1.0,2.455751762958062
0.19862685236917654,0.8269136524575409,0.7823124476467962,3.760532391314749
-0.19973366710062868,-0.5444729052133304,0.4952190435673709,-0.4887267083401135
-0.0130604487325241,1.0,0.8899884269489446,11.147675146556379
0.48705422086620476,-0.48406113088973357,1.0,-2.6782639211516317
-0.6958558071194698,0.8250312015173116,0.6182132472097877,0.9988095905234036
-1.0,1.0,1.0,17.387621834631723
1.0,-0.09793908411569108,0.020855554352464667,4.915100657841135
-1.0,-0.40674994401782927,-0.8112565971269587,1.9382073200471526
0.038587579960480234,0.9953196011327052,-1.0,4.139701679056691
0.14931811573958687,0.8368338967668332,-0.7055324226408686,2.89335003038906
-0.655556250499342,-0.661719177681158,0.17282884432120382,2.1215010334244995
-1.0,0.8443901268207252,1.0,12.614338091211602
0.6243427019625136,-0.9138354175240233,1.0,-5.91752098636383
-0.4866273803347827,-0.6650050416632616,0.00304163735845675,1.9206351058990991
0.3069856590479698,-0.039466450640788464,1.0,-0.9072455198220867
0.2919508752563731,0.3696915423100031,-0.23859047594908445,0.4418276578279105
1.0,-0.6597931715574401,-1.0,-1.8628021426384265
0.4671937834367528,0.0016597753310212404,0.4101817302540445,0.9252416731982849
0.46968936480037216,0.20655413398678935,-0.44170030038584707,1.1209588950803338
0.3329812305685178,0.7057041492540228,-0.20584207012616895,1.296136967409784
1.0,0.3290188115883006,-0.03826421299312388,5.678837505148087
0.3079960441567502,0.64573605780438,0.8657169484685461,3.008227868352916
-0.19387828095350068,-0.40163255454172253,-0.10093854223453902,0.2124409287158181
1.0,-1.0,0.7429200517034227,-5.922434300848881
0.10416911598498801,-0.7235215052996784,0.01491641310957359,1.8453272818642474
1.0,-0.007543759769236713,0.22691720993214926,5.406683034806004
0.8409286386879873,1.0,0.04886688703027797,9.154508490370064
0.465993339412923,-0.04544473857318687,-0.13489438466601422,1.2242284711346432
0.5437270635026941,-0.8480001940222133,-0.09558061949775909,0.05847786973780378
-1.0,-0.021806883361910945,-1.0,10.086030593910248
0.13233286935216815,-0.7269401186416207,-0.31137643600119347,1.8769923351136086
-0.4648461769087011,0.16364205048364355,-0.23385963660768883,-2.2384720461561125
-0.16860806251644989,1.0,-0.9572130949211903,3.1829067124032377
-1.0,-0.5115987435695146,1.0,8.889247587837431
1.0,1.0,1.0,26.105192707812538
-1.0,-0.9341136596581616,-0.42393924389013105,4.35620088301132
-0.3980289408500668,0.6747423327207769,-0.46313515261853055,-0.7555833394610061
0.6480234174171098,0.7093235101611757,-0.5607076247050575,1.881680844194432
-0.263223715978971,0.7335114621871635,1.0,7.749895187962284
-1.0,0.6010495407301757,-0.7106365513376798,5.390224815312704
-0.1420335634701515,-0.19934381975833237,-0.7769589067535594,-0.2802578875309517
0.429152353674755,1.0,0.22239768299674512,7.703663391123398
1.0,-0.6318700452738721,-1.0,-1.0878696065086795
-0.586477692048393,-1.0,0.6355842360582225,3.2423958002285582
0.28997271370025457,-0.6621396935854365,-0.2774580295408442,0.9552685168341617
1.0,0.6826712048633381,-1.0,15.422670517996632
0.5437686335551044,-0.32073803287157543,0.004325592468957584,2.541851176833738
-0.13074555505965924,0.7333007618989951,-0.44578894602388197,0.7814119571260946
-0.6303765329304463,-0.07744769458103695,-0.5972469534932263,0.40308009589493565
-1.0,-0.7677245808093967,-0.740740557242378,1.4516361144048155
1.0,-0.9508244061602515,0.6832447968455202,-3.6318604519107036
0.2283699192023272,-0.0788448650691902,-0.7200845042527038,1.769127628657845
-0.554112286662988,-1.0,0.506251137087866,3.442129868697596
0.8042341081410549,-0.34346885907670144,1.0,0.5248031852760875
-0.03601736956493662,1.0,0.2760116361130296,7.818934084294699
-1.0,0.6418254314826481,-0.9419295793234272,15.098855362885464
0.2625871780996758,0.44226828740565494,1.0,2.3000654544251438
0.1752726078370188,0.9349095149924511,0.5916666890864863,6.0309277483889545
-0.2360527641826342,0.01730599708199554,1.0,1.0980494117133317
-0.5269525928474172,-0.49218407875530135,0.19110567628818087,1.0689168328071577
1.0,-0.6424210388545697,-1.0,-1.3271243095575298
-0.5608749408961138,-0.46036443968053464,0.9611401053984749,1.789332315324077
1.0,-0.38585365058791465,1.0,6.611535592093589
0.6418406477393774,0.5182298148081845,0.16227867720223532,1.9571623419883466
-0.1680273679069486,-0.6386368925219472,0.9336046970578076,-1.0698379618941987
-0.6992757168797072,-0.8000013588546981,0.221694691297029,3.651322276561407
0.7162439948327546,0.656727391540767,0.14962990181371616,2.719943731103173
-0.4392587829295447,-1.0,-0.2994470158762421,2.521020608650443
0.6189811372548364,-0.07350251741894476,0.41065652679432985,0.7974379021983448
-0.05341042794344997,0.3981674859101336,-1.0,-2.6619784808920675
-0.1469663658774858,-0.2077798970318936,-0.169005799440068,0.5279517819058859
-1.0,-0.9950566859508814,-0.5517508451455189,4.730929524714786
-0.1827457020211929,0.005595234015708606,0.5428365767605516,-0.37204044074257936
1.0,-0.30071785694880937,0.49068898686628737,5.3823609399877235
0.3746157092686282,-0.0031526283135419053,0.3569708026312577,0.9349036202353201
1.0,0.20979816949397456,0.23939700804192032,6.462358899064347
-0.036675687413743496,-0.8192478017087772,0.9787241213872211,-2.6528860060112183
0.4266544667620873,0.1189291176289844,-0.834242097782254,0.64354219151352
0.30591709099873166,-1.0,0.2770442297031881,-0.038503178157220264
0.44961037449521135,-0.9524424763107695,0.7485923002835442,-0.9417494843865881
0.522898629055615,-0.5042321695107688,0.9655473898599376,-2.311021381296911
-0.8848798716209911,1.0,-0.06051166441018263,4.337582085865964
0.4220610496190109,0.7259284919073794,0.518799023103862,2.720614771781801
0.6014895503317359,0.5647132618837405,0.2070735554340115,0.9763751084364053
1.0,1.0,-0.6149370440167539,22.848655901866557
-0.19575772998736696,0.40650846919132877,-1.0,-3.005708542452222
0.8142651231000297,0.16344595765407322,0.03863570920987147,2.1696659864026593
1.0,-0.9986342811872186,-0.13068383961162056,-7.835479975834273
-0.8174342375440293,0.4817697348910961,0.5410378448528042,-3.2672999744750584
0.8082878202547963,0.3721141312751377,0.7669025952209796,5.094657835667953
-0.01761734642693047,-1.0,-0.6259354489305666,-2.3800809704750616
-1.0,0.2114422348832865,1.0,2.470521192562165
0.8022065680885946,-0.9109919297782132,0.2651040153817241,-1.0930238472573548
0.5946808397083401,1.0,1.0,10.823059033106613
-0.7207031999143527,1.0,0.6681052594972334,4.543000471618156
0.23641572854781967,-1.0,-0.4317043495037074,-0.377250981793685
1.0,0.009831513940566694,1.0,12.642498070951927
-0.5149132294457719,1.0,-1.0,0.837524416754829
1.0,-0.3368681224061365,0.09446795503883676,4.802206445246789
1.0,-0.5927960995789037,0.5527834002767014,4.145221894926905
-1.0,0.0747856866453902,-0.817664968166492,3.6772096815432267
-0.5374015578049347,0.5236609195992312,0.36999270901309766,-1.2708406617094876
-1.0,-1.0,0.6241277308776121,14.103909387096477
-1.0,-1.0,0.407900098882914,11.445859806921105
-1.0,0.0728557128615388,-0.7520477123738207,1.873726523787879
0.8521027959080965,1.0,0.40099597558846467,8.983214917024348
1.0,-1.0,1.0,-9.388538164435115
-0.15356504096643775,-0.5695842266842914,1.0,-0.885516485525817
0.6581029778312639,0.7797122732381694,-1.0,0.3751389985971488
1.0,0.16788163829960134,-0.19268316885542114,4.398882257078828
0.7470323228802149,-0.7869236723991806,-0.19911760103446152,-0.25025117365493055
0.22353431559456105,-0.2504806618715414,-0.4227327989536003,0.6186934200465445
-1.0,-1.0,0.21353941838108326,8.498775525541879
0.20765660343337444,-1.0,-1.0,-18.730610057364263
0.21799692687708028,-1.0,0.24551139386658627,0.6767068711648269
0.7924607725867221,0.592358080582247,0.2165979227560222,2.984308134855312
0.18313232085561193,-0.7805461038482784,-0.257556260771582,0.9938528171983617
-0.3630928780126581,0.3156272133737452,-0.5082193712300453,-0.4812553917091628
-0.26843904989479683,0.41325144340651776,0.7193594652315154,-0.22933005294428804
1.0,-1.0,-1.0,-29.86430920536028
-0.26834409140947013,-0.8864098825977684,-1.0,-10.684549806453452
1.0,1.0,0.1438637678312078,13.194723293027302
0.12599348601244675,1.0,0.2805609313815258,7.662194773589819
-0.2860672027247051,-0.8500908632488664,-0.440478293552792,0.7774768967874809
1.0,1.0,0.2285424727009675,13.557265611004256
-0.22991318357858503,0.47350177619429346,-0.2529105235351725,-1.3049194694964699
0.33383017455126285,0.4271831746352597,-0.3478280393759141,0.8905858159064226
0.09092019115212535,0.27543745158072963,-0.023946475736785322,0.7634927999237577
1.0,-0.7679405113098068,0.5939985685916529,2.1628355899689664
-1.0,0.06367596594125668,-1.0,12.939880570664354
0.28433039101586477,-0.5083590575739654,0.18332545290857127,0.41826331382431214
0.27289346073304754,1.0,0.5033841028160904,7.281102182871833
0.8210034162856565,-0.1355791687607708,1.0,3.0574715027701482
-0.9154601572149499,-1.0,-0.4809132225906372,5.812820904932516
-0.632435766827415,0.9225624756791357,1.0,12.817126974884088
-0.435352482785095,-0.7827136783013333,-0.18077736348806583,1.6812328354030557
-0.48195950653670794,0.4693735923595197,1.0,3.476182093078933
1.0,0.836936890807173,0.4556506772939306,11.540673509385467
1.0,-0.6964683216316723,-1.0,-2.585441319364771
-0.10293969643246381,-1.0,0.38593923980859857,1.734186907655975
0.029292651055174534,0.7934822511884587,0.26966884234690136,2.2448053115479767
1.0,-1.0,0.9741389167927073,-8.44341880838676
-0.5075592518263037,0.19174639533072724,0.9139115885965259,1.096816608130873
0.12802969679474963,-0.2281325727350314,1.0,-1.6769595710584206
-0.004133543455824729,0.7889599935261091,-0.190041267753297,2.000675206915919
1.0,-0.7385135993985199,1.0,-0.007509128805535892
-0.015816667922029515,0.7983210680080659,0.06347881420270696,1.986024327962694
-0.17897700480519907,-0.6769324259151093,-0.10815043241556221,1.1500464297037594
0.20625393211651133,-1.0,0.5636034702819539,-0.21775195846674933
1.0,1.0,0.6066328630750928,16.018676091325478
-1.0,-0.3586040682406386,0.7006030510327022,0.808614690442631
-1.0,1.0,-0.7528411556484698,13.871211519630135
-0.27774993497393363,0.8421014025802822,0.5820014851332349,3.1667497699166254
-0.6438358106526576,1.0,0.432080809943455,4.4451109574894
-0.17034007534369988,-0.2673990909266557,0.3164134982067297,0.4963701235939818
-0.973551384744973,0.4923593989413644,-0.34202627582798173,-1.5830114786893557
0.5522055580502738,0.53680875301287,0.13075888540497083,1.178023641492297
-1.0,0.24878118958961348,0.8296250070233326,-2.495555754124368
-0.16561312314817567,1.0,-0.3383178300178473,8.040591395328223
0.06700987466937969,-0.09082749221326925,0.16168609076187201,0.14903701539525438
-0.5239534881152927,0.8274689217981459,1.0,10.185834420731647
-0.21623303914326675,1.0,0.12499013803276426,5.734929561476254
-1.0,0.6564288804045781,0.15212081372047193,-2.8733083328632527
0.7233678437508784,-0.2571967302121849,1.0,-0.7613304242835117
-0.8639480973114946,-0.6022946601536499,1.0,6.942412121136136
-0.7225552173920542,0.5528070149563629,-0.5373755567864344,-1.3811395606109829
1.0,-0.48303191134962065,-0.5188595346964988,5.1053829407904905
-0.7438409532336969,0.7324896172381019,0.06164598074256644,-2.6143325108920257
1.0,0.09408528779137804,-0.22230554284793524,4.888610982419238
-1.0,0.27161262678317644,1.0,3.2613827242562685
-0.019403083211577687,0.8826330920593657,-1.0,-2.767187620071777
0.14210667289784573,0.41204862118265706,-0.16987991630089994,0.3852257723570398
-0.9414093016422354,-0.2931568365747832,-1.0,6.974554541735574
-0.3019522680143203,0.8507614162380284,0.609491714121625,2.7871918301328416
-0.2880701147872995,-0.901300983812815,0.12979592230650505,2.3837854250265123
0.11768226541605831,-0.5810813151000733,1.0,-3.008056537489806
-0.5325154192808192,-0.7583418886673703,1.0,0.8543601666294648
0.7536010310255778,1.0,-0.23323062224535152,9.896211065577566
-0.40982803403447776,-0.2515442049682812,-0.11745335679702218,0.5988152448097416
-1.0,0.2876739780655164,0.03842301621526123,-3.5758394050810374
1.0,0.6310337810828948,-0.5600156391158158,6.727659210274531
0.27967224412435243,-0.7218702609479783,-0.14035290175304138,1.5436502704119666
-0.38595054025339737,-1.0,-0.9558559369491197,-11.841469798500935
-1.0,0.06991892262753607,0.19248541304079958,-4.465492340018053
0.014578136234308037,-1.0,1.0,-5.781178479404428
-0.5784814764755646,-0.2043167683882139,-0.4313291898403848,-0.30273561949863703
-0.1761908583607923,-0.6152226678418107,0.19983129141073364,1.0556439141712426
-0.15559641945612435,0.7213693024757688,-0.979436485355522,-3.0304389041052135
0.2586342235814785,0.3579684202223721,-1.0,-3.228429097477453
-0.010529509106968371,0.01830813710135426,0.10929524944975233,1.4341545450969626
-0.33245371552445824,-1.0,0.2207731090527718,2.9852766047014594
1.0,-0.1519175701996094,1.0,10.330548487797516
0.46446524969837344,-1.0,0.17316500908506094,-0.6374303982966905
0.7899535688980632,0.7491353933287852,-0.7602365902264139,3.846278825117756
-0.6041419314889123,0.3764813823826272,-0.3945441743615872,-1.3105083074887112
1.0,0.16169451905087207,-0.5668778852471885,4.794203924376398
-0.12804012399447262,-1.0,-1.0,-16.585143398520746
0.01695309294753744,0.711066040420099,0.577289645323281,1.567232672226867
-0.8123874790747025,0.023616952296346083,1.0,2.482117035491525
-1.0,-1.0,-0.7426931796085923,3.7667942662813854
-0.768407968001136,1.0,-0.7160776579944526,2.977526213947492
-0.057107215157972346,-0.06445025609419286,1.0,-0.00630707008191933
-1.0,0.18258608304862944,1.0,3.0314377710164897
0.8901332849038157,1.0,0.613853777214542,11.22125132815483
-0.6524530829423341,-0.4860599878677796,-0.7252260115942211,0.8675765209099107
0.7381995413125797,0.2729412749451363,-0.0909319222923386,1.5254513424132448
-0.5064824361071247,0.4019366612271966,1.0,3.710204773892764
0.37457591163226533,1.0,-1.0,5.879454607234127
0.3393433570943718,-0.8291992175790919,0.9806061166067626,-3.4567620472655873
-0.12854087038789452,1.0,1.0,13.66024205506551
0.5377510188836172,0.242063501598073,-0.8627692183732789,-0.0567285274365113
-0.8519581181618092,-0.3965005707297995,-0.059860216279512546,0.13529832047819706
1.0,1.0,0.4691654726115979,13.38758249495602
0.014134704073474946,-0.46732722123340653,0.10590892048903755,0.949897421324501
0.2551316692605874,0.15591109919305568,0.3626310053521442,0.7549088481485039
0.20718247239055732,-0.9128992715906674,1.0,-4.839552786094473
1.0,0.5844486711334136,0.6390882894897192,12.231435830355744
-0.17471945314418957,-0.8919498043484566,-1.0,-11.172481212398326
-0.4721851442909475,-0.8703682915543713,0.436723480585155,2.653710857882461
0.0234017327801046,0.794559165602094,1.0,6.8659710138497765
0.6237263888437392,0.37672834527174914,-0.35372954450145744,1.4486033547933583
-1.0,-1.0,-0.5140883747751266,4.190555031567152
-0.8241027634135112,0.6530627368875546,-0.6300896708886576,-0.8029805418483891
-0.682463892396733,-0.21583679546858758,0.6016228918539146,-0.17074651792242707
0.06392484621555705,0.8542862603485517,0.4391840970980352,3.2925962667802104
0.0301426258746329,-0.8419381632312346,0.25043047592067924,1.7860477658792213
1.0,0.9830058136470499,0.17886851932354908,12.903349843469327
0.09996130955203175,0.3954924339073622,0.08101208443191843,0.7146907999478387
1.0,-0.012465373409771274,-0.8274198241786992,8.137075799253793
-0.8544579748335,1.0,0.023730852068850394,4.9550573179806285
0.5237744164757427,0.6840015865435913,0.756807409890268,3.407963712808417
-0.4109837773303171,-0.043000313706431204,0.561279461713238,0.388717996105944
0.6941530565136498,-0.34525934241397005,1.0,-1.7820841902560047
1.0,-0.06205257639098716,-1.0,7.861701100944636
0.5569590016891719,0.4568714633577584,-0.0755164867818614,0.7882158330064605
1.0,0.32149367084133273,0.055970780622333294,5.920708633855986
0.5533559556831251,-0.39583215895183854,-0.8757956917167848,-0.7342960420067769
-1.0,-0.07035099945590906,-0.45690278229281267,-2.6744581079017187
1.0,-0.8058368377447365,0.7055740125225283,1.0909262045691273
0.07600320052087128,-0.2475413600991394,0.37641340541226076,0.8252880094146698
-0.38347646607332986,1.0,-0.2512032089557876,6.591055916306442
-0.8413394824790792,-0.0473884044549675,-0.6921290049813404,0.10559382513418947
1.0,-0.18169669248805587,-1.0,5.994727827517057
-0.5646251955228974,1.0,-0.6483761879369081,4.02992016551956
0.18260179575524838,1.0,0.23720253332677887,7.790663815631082
-0.39380940601649717,1.0,-0.20101778992067887,7.094796227353853
0.02145438862081872,1.0,-0.4614776168275081,9.69818086617796
0.1470409813813609,-0.9854929427882915,-0.9433749477077229,-13.333077971729429
0.4909176633562027,0.6250704927202766,-1.0,-2.6067081010029383
-0.5561873037679301,0.9790211148122441,0.6896801857384613,6.322633883551919
-1.0,-1.0,-0.5423985686336834,5.381548879618325
-1.0,-1.0,-1.0,3.0093438628539975
0.07492889447833839,-0.33764721781311113,-0.2606136682832374,1.5100317428185905
-0.5542338997674288,-0.5550629597285541,0.938517976109287,0.8869086689930958
0.6785882226174333,0.6856327351188447,0.8329474497116816,5.83236230139486
-0.2691516663981113,-0.3631480065389232,-0.8240589330050887,-0.970835503632564
-1.0,-1.0,-0.6411234271666693,4.315404444839759
0.07624571776620126,-0.9075824691845948,1.0,-5.982366930970976
0.6397944119950956,-0.5865625530315675,0.07970653183958443,0.5743571205192364
1.0,0.4058732852212963,0.6727984838657768,10.880103373366387
-0.29518675589678955,-0.15142063929175675,-1.0,-2.895862754136582
-1.0,-0.28545422898804573,-0.3473354102953601,-1.9964295460047254
1.0,-1.0,-1.0,-29.204423118971583
0.8904438927441649,-0.5795454083893157,0.9092864376020442,1.3487180238490268
1.0,-0.27228516507855005,-1.0,4.745060031207114
0.6984740952505848,0.9856368260536723,0.16626325399838948,7.308026204248883
0.6076030281535922,0.5787751523463507,-1.0,-1.4330247299167973
-0.34495161018231535,0.8790692196503187,1.0,10.853115097904967
-0.46336489053936414,-0.7865450666693974,-0.39951615957978515,2.36284172734018
0.5806425305449827,0.46965478686551676,0.5952571143549643,2.2705391252052483
-0.04475291572429119,0.4590236801287684,1.0,3.167511420951204
0.33781921291209627,0.4618828919450011,-0.4013146784103676,0.6011480973067229
-0.750196227990763,0.007827874023751624,1.0,2.239589574163164
-0.06592684133099302,-0.8005554820645144,0.6851890448117324,-0.5821763689313142
-0.31181683237389435,-1.0,-1.0,-14.35976814281406
-0.2133933543153228,0.3668381336763986,-0.8081162282514835,-1.4138572152769333
0.08497229349976121,0.21089537144493664,-1.0,-2.363899830374639
-0.8681715224656332,1.0,-0.5034518877434186,5.614370062094325
-1.0,1.0,1.0,17.58149337016292
-0.369741218818775,-0.8794213047382458,1.0,-1.3811291350413464
-0.5576420420433623,-0.8852501828647286,-0.6756006275307482,0.21622812287510984
-0.25140731884607814,-0.3716335294590074,1.0,0.08116013054505244
-1.0,-0.4923706193133002,0.6301829891758135,1.3375711841566265
0.4282067242278911,0.5946683558033632,1.0,3.7572233969765856
-0.765074609398916,-0.6920569272983261,0.8221386418435124,3.580054294175616
-0.8286392224150438,-0.020929126514526608,0.637986857294812,-1.4398832160018071
-0.9155616204760508,-0.07383046209680866,-0.8158930619887859,2.9319654081821636
-0.6570268766274565,1.0,0.1832564598099411,4.6810111759667254
-0.29832652185283814,-0.12837145489752722,-0.028863281667805607,0.42896804964477475
-1.0,0.011969254674946361,-0.010703419604050968,-3.97341621135409
0.6028216168082012,-0.9571980609297661,1.0,-6.500570636839001
0.28578083160059276,-1.0,-0.12197675548704301,1.0955786309085132
0.07253881666075568,-0.7190522108534658,-0.306615512261077,1.8545661830084683
-0.3278117233572799,0.14476132625539861,0.14999980155670256,-0.992978877323584
1.0,-1.0,1.0,-8.896511196717828
-0.24987025930986562,-0.4572228591490137,-1.0,-4.541146996313428
0.5323966386956951,-0.2095726264519433,-0.26643584201594583,1.3653227780365387
0.979094453088762,-0.6431141159144786,-0.3566367712235512,2.4446513030203803
1.0,-0.8022520778142403,-0.32369621628193235,1.9641967257720114
-1.0,0.08198642620296304,0.9201585489577055,0.505604378751277
-1.0,-0.37328789740275026,-1.0,6.524469884685434
1.0,-1.0,1.0,-9.120160574376854
1.0,-0.48297212005095047,1.0,5.274881694568375
-0.3478933368271939,-0.8997795335230396,0.5781548911961394,2.0977296499119826
-1.0,-0.7031332126504393,-0.12603689567430432,1.2521780546803267
-0.4318708231471562,-0.6633783470545469,-0.10710389526408526,1.5904993930496913
1.0,-0.19909333976939303,-1.0,6.061902649837629
1.0,1.0,0.04906435100519135,14.380146913350233
-1.0,0.7317883169913182,0.36592249160740264,-2.9377162123924694
0.34195664070271126,0.13018897425052156,1.0,0.39803732931882796
-0.27981538359732405,-0.320553126199963,-0.4078485134995633,0.627225100941526
-0.3407123310630804,-0.8702812205092898,0.7719175618137906,0.6240830232870063
-1.0,1.0,-0.6363253192358096,11.595265346550557
0.7656144201797661,1.0,0.699141365921655,9.886902701125997
-0.5298089335920588,-0.7648020016322457,-1.0,-4.993810249776869
0.298304714706785,-1.0,1.0,-7.316064563223341
-1.0,0.5188728728746841,0.8606129930615258,-0.708716583774613
0.6085935627588663,-0.0817974778126318,1.0,-0.804955608039218
1.0,0.08460399502957006,-0.535467908135967,4.937841347799416
-0.15669390894855417,-0.322611405271231,-1.0,-3.8520000081102976
-0.3526581994697453,0.38651046811946843,-0.04172658737949031,-0.24614230588794095
-0.6657734710961558,-0.8864756247345744,-0.9508754377052475,-3.380183667478113
0.07510443227074126,1.0,0.06633002776533892,7.669413133304936
1.0,-0.6387157431179205,-1.0,-0.7623536015223757
-1.0,-0.4702182302189535,0.9819549404843277,7.30644128356395
-0.37511208635043003,0.7214689876460512,0.0693339787066487,0.23012868631381084
-0.3836287149586446,0.6498393765355788,0.014709184603259873,-0.7012023897796432
1.0,0.45612441783452495,-0.13141252867063025,5.270189724159879
-1.0,0.7777724877293997,0.5182474382696813,-1.4891750790740765
-0.35803824730998124,-0.2746589711242471,0.17048889512313625,0.8188730387059722
1.0,0.14431688700058443,-0.7531796274853995,6.028973578169181
0.13871905110018234,-0.13998825335869047,0.36382703019325535,0.328909277343193
0.6058305313377852,1.0,-0.34407675339851607,10.504353974923507
0.4862629355252639,0.17906332427983918,0.18643559428270917,0.7980785010086573
1.0,1.0,-0.02993519459598004,14.216050243248498
0.9690858076013706,-1.0,-0.42658316407437313,-9.078531454770463
-0.271790987373574,-0.557507457367145,0.6882828736759896,0.4714790163775959
-1.0,-0.5590178300104816,-0.14257359855450913,-1.8900640192831797
-0.36072534872645345,0.10898410049116669,-1.0,-1.9224507579007926
-0.021347831550900143,0.09295755024511765,1.0,1.0950618708910516
0.1995877637856791,-1.0,-1.0,-19.134712468880345
-1.0,-1.0,-0.8438289179885035,2.997824448698408
0.1781344392844475,0.4242200759022412,0.060402355538095254,0.8660192013718875
-1.0,0.6787195689486414,0.4048228613864877,-3.3483164398615783
-0.07472496882394108,-0.1302819313810084,1.0,-0.5439944618537326
0.4791321201489389,-0.9966233834942488,-0.4396291371176573,-1.3640022243574035
0.7955748059427634,0.01117155814190629,-1.0,0.05634849166026873
-0.9171622846921108,-0.05115037653685239,-0.26628454140264646,-1.6658209823110233
0.46264120482711624,0.20816579956034031,-1.0,-2.4873624580261775
-0.16413630357000497,-0.7575731312850957,0.9875015704970287,-1.463043929088418
0.3651265331607929,-0.6990294054261013,-0.8092626490724759,-2.0287916680220617
0.12359292017878998,0.1865564400128381,-0.5537223403132663,0.5308960723837803
-0.22685306987589882,0.6193190292225543,-0.02887489828195,-0.09471211929023395
0.8161299461014568,-0.9726809943614407,-0.5993502144646417,-6.402302076648506
0.5485125126779762,-0.7700204310924541,-1.0,-11.758293261200677
-1.0,0.11430840827832611,-0.008254214769920276,-5.170029774039211
0.19273369171308818,-0.5756009036024299,0.11820786372422232,1.3883153127909182
-0.23340306514067177,-0.5905028785086683,-0.6564553895659906,0.2935283739646733
0.17248530847726462,-0.0014716036084931883,-0.04623606750856979,0.26457617249061804
-0.6542571941199087,0.14731364069644792,1.0,1.5156414703348862
1.0,0.13089588699977872,-0.9379671384146344,8.529160016063305
0.11395955132876678,0.09284817307793736,0.8001666312891202,-0.26429794834388465
0.9429919844145951,-0.19734201329524392,0.7760953555081387,5.513428529537034
-1.0,0.1783541894024121,-0.7072406169706136,1.4546010600529582
-0.8324847691060835,0.28530747971954473,0.3748142609824341,-3.0871312225216134
-1.0,-0.45066090660352165,-0.3261045291347009,-1.8113757879969734
1.0,-1.0,-0.1637443516236461,-8.465655339115727
0.20089974653191778,1.0,-0.20620913819063968,9.303381704340556
0.39773419546592725,-1.0,-0.6818038037048673,-5.144225214941791
1.0,-0.3331791451456594,-0.5599019875357174,5.385552609024996
-0.063363742652363,0.5375203106680619,-0.893051597583242,-1.7666431898626227
-0.7994190318394068,0.9021385341636647,-0.3092102743391325,1.228076969432667
-1.0,0.46741919233017537,-0.3019945777194246,-1.1451968584164602
0.6710589442633454,-1.0,-1.0,-24.402961651155127
0.22310043868188867,-0.03232346885812398,0.31059617345105495,2.11644521944266
0.19667065561540986,1.0,-1.0,4.261589166235357
-0.4638989597339953,0.11647513079888738,1.0,1.2948193722309476
0.4446713342680748,-0.8988663493160673,-0.7652009733208931,-3.661960807986655
0.6314389149167008,-0.5456348595409204,-0.4334372298058504,1.588424374855952
-0.4427158689307442,0.4749323348693859,0.14376138178281983,-1.2044369444773078
0.5754288505277738,0.17281909713444876,-0.15339130933666945,0.7239223432877961
-0.9783464102584873,-0.39299096202950357,0.26394785450335023,-2.0604009393577387
-0.5499817427016744,-1.0,1.0,-1.5084106960713264
0.9219594641090716,-0.4589309437336291,-0.12489654452127885,2.3736521698835094
0.1752925370374092,1.0,-0.9882641949071245,5.570350308160537
-0.5252196780912317,0.7117048504664034,-0.3257173269000815,-0.6175095781540041
0.5208863086693767,-1.0,-0.14699469229930973,0.0457884281262646
-0.8748904085576681,-0.33038989838764565,0.04195927044276204,-1.2315446198036095
-1.0,0.5269700651344196,1.0,4.811753193045826
-0.8277618933074082,0.2300412655475359,1.0,2.2158905200270533
0.825751205456069,0.21031938304138897,1.0,7.624606147610777
0.21203009166998532,0.8383058847205964,-0.03363649327356133,2.8116829379382997
-0.10131008826851917,0.9916007441297425,1.0,13.33226428620626
-0.39153317579570013,0.782316636262564,0.8978554016694325,6.592986400117113
0.24390184873539678,0.010951848864829694,-1.0,-3.2943802130033975
-1.0,0.0034888021070162978,0.933989034875178,1.3890188261295544
0.5084408820589763,1.0,0.01327646760204737,7.178839048165353
-0.17162682883437008,0.7462398702607518,0.2733996206191289,0.9867431914898406
-0.2738865119217453,1.0,-1.0,1.7828310428518548
-0.40001553399304,-1.0,-0.4757071109328692,2.2126204788746153
0.5944206411781738,0.2574262935518967,0.0382315487432765,1.6101828256151458
0.9007343857261747,-0.7211251684782207,0.3714566324650437,1.3587823668177903
0.12569552685370922,-1.0,-0.9359809943105475,-13.878690650040044
-1.0,0.8630462621044137,-0.15789315588498254,3.872634503520419
0.7009727934595427,-0.6130137328758734,0.33367760594225593,1.2039720474030682
-0.0830123022800422,1.0,0.9718694885772683,12.713021643838108
0.4908512326261325,-0.1854478078792201,-0.8869539383748115,-0.32916802502733644
-0.6829700354615749,-1.0,-0.47378599796126264,2.608299868107512
0.7703275007956447,0.888691245102698,-0.1585249644931226,5.360049648863685
0.14819888593532826,-0.18141846900736303,0.3484969524870032,-0.12073923149677024
0.6954707837068645,-0.13972109196981952,0.44875131229880094,1.3048757671679347
1.0,-0.4597736670214507,0.39723333024461427,5.177516760976758
1.0,-0.31652525800282216,0.6642634221683461,6.803438506201211
-0.09786319006739475,0.1891948961989922,-0.7127421783407546,-0.4301045671991951
1.0,-0.3590919805876438,0.5988648552306781,5.1376032032331755
-0.5669050725474352,0.4354428969662747,0.7039851183003045,-0.3554794653465133
-0.9723324171013064,0.3039270159668055,0.5370248919776635,-4.1433664725204435
-0.7347798061548374,-0.22256398464110694,-1.0,2.333225885086851
-0.10922458375211885,0.8786522861714721,-0.33600044275577656,3.6321737177193256
1.0,-0.345612454913534,-1.0,4.336322230392784
0.11438014943098906,0.46593588254227414,-0.48451464568684166,0.601086923060322
0.2955779449044429,-0.7200763346337333,0.6723399896167277,0.36520199678889315
-0.2580450323774748,-0.5314727677475708,-0.4126430282780109,1.2890585088187199
0.49806085113045584,-0.8053166513537839,-0.41542965276598154,0.4042783133537255
-0.08352875536939175,-0.857556114675172,-0.19653110202629187,3.1902231175320095
0.04662009146245749,1.0,0.3074778473924549,7.075688715527924
0.8891789419194935,-0.3018376631994053,0.5200423428366399,3.1703511855478013
0.7026029913995295,0.5600808328895779,1.0,7.017393585683099
0.5520404376377348,-1.0,1.0,-7.184091453138445
-0.35540766031997695,-0.19398829006155927,1.0,1.2586961060544044
-0.36840853076814906,-0.6646439828159079,0.8678986123341683,0.3702938004878794
-0.7881394642117838,-0.018878501554807192,-0.041291394705996076,-1.4021408720303805
0.9492295996362576,-0.41751501397756474,-0.18677242413119788,2.73350090302722
0.10217845844461237,1.0,-1.0,4.62000311871202
-1.0,-0.2213469169106983,-0.9067134127473371,3.8357380622144426
0.09261041686545335,1.0,-0.27007729113853673,9.898874579099978
0.3192062101014679,-0.18669946932626336,0.0766369863860965,1.7539202534125895
0.03919052128468703,0.5608420481300651,0.2059293274836682,0.43948149996145186
0.28902102319886613,0.04492002548555751,-0.33930870562669924,1.671661495326241
1.0,1.0,-0.2581697832551111,16.330137548170025
-0.8578208896171267,0.5577021365819961,-0.8585950933575393,2.974491144987493
0.7350795161492814,0.034299185445169966,0.2819076530672848,1.7499325702804676
-1.0,-1.0,-1.0,3.4754454307933305
0.39945460912811503,-0.019625541354353793,0.8527219006913571,0.09291373190788094
0.7342311236593617,-0.5299497617859441,-1.0,-6.632732863648674
-0.5791558908122358,0.2162769097652053,-0.12364703344364925,-0.5687823614711917
0.3235472024593471,-0.7627951410543965,-0.1276229614448785,1.4404504410423364
0.3628574666725044,0.2933959193977034,-0.8162559284600939,-0.07211882051120433
1.0,0.6113258645993986,-0.5781021910101933,7.051750657155671
-0.7604554014153293,0.33269887827553757,-0.7539139770715955,0.09858149298440448
-0.08532687274881012,0.7007363738873367,0.8169966592385836,2.5052043264195856
0.34467508462743335,1.0,0.5197928310871311,7.322679415844078
-1.0,1.0,1.0,16.284481886379414
-1.0,0.8066675077547194,0.22969820596003188,-1.014085218119243
1.0,1.0,-1.0,39.00036019702139
0.9913038621019987,-0.08898108678531202,1.0,9.527936208868702
0.6021201989114726,-1.0,0.043345748959154884,-1.0913052511333343
0.5310571726428528,-0.467586739098115,-0.7883952564042442,-1.3277118336907499
0.6674448504083885,0.6167241753784967,0.10499274064911557,1.677415263900745
0.9321726301639393,-0.781507415698651,-0.7131616099060514,0.6694069338314071
-1.0,-0.8786998817416567,-1.0,4.967526849958787
-0.5530136403043306,-1.0,-1.0,-10.818723836640839
1.0,-0.383164504452411,0.4342677672017792,4.748059920368519
0.5213240243590733,0.18256979628743375,-1.0,-2.7012284584998607
0.191701865320004,-0.23899926307761787,0.7813615852617382,0.18749750087269687
1.0,0.47870252598440177,0.22402513700391502,6.592618215156908
0.15661851518890724,0.641020523519132,-1.0,-3.9933815969424713
-1.0,-0.3062742494577335,0.7215662071201103,0.3994072602812635
-0.7861738227783008,-0.24604646410851205,-0.481449095223222,-0.4094437419461066
-0.11070671150779599,-0.8487603309830112,-0.5857980860129242,0.5077939969256775
-0.22196766387928757,0.2551721710126551,0.38657298364350345,0.2991939042565079
0.6959685893783749,-0.9700676268139641,-0.8518531689580358,-12.231329536996588
-0.31713157177114093,1.0,-1.0,2.3057583795745797
-1.0,-1.0,-0.03302437195668029,7.533809871593522
0.9559253867612347,-0.9678174074429184,-1.0,-24.131938815654117
-1.0,0.5024262293893995,0.75724566744953,-2.7370533565675625
0.9467268496539161,-0.249258173044701,1.0,5.6668641396479185
-0.8830177530846541,0.326423650816799,0.3302178787647101,-4.396977380091924
0.1579617894261518,0.9266523211733462,-0.2340882478477102,5.204341385015594
0.12109566400087557,-0.067504986874793,-0.6167348958095484,1.3833533611232203
-0.1361457900634353,-0.7639974709103277,0.36231799532982256,1.9507123606999357
1.0,-0.1354819895305115,-0.022785544694807536,4.176040552942859
1.0,-0.44752881169766345,-0.307814310801078,3.7146673411875004
-0.4831019383542319,1.0,-0.8322423391927949,3.5310746944984865
1.0,-1.0,1.0,-9.323217552558244
-1.0,-1.0,-1.0,3.378975864335582
1.0,-0.0645768875356365,1.0,10.770790406539925
1.0,-0.2912530435953411,-0.8384597889824574,6.747035033761743
-0.9477226350705483,0.12888337918247905,0.18440890665387766,-4.040984020339449
0.12856616646937757,-0.38995162565252706,1.0,-1.043926046253563
-0.7426432428930132,0.8821519219461513,-1.0,0.3699282774899202
-1.0,-0.04034729953955196,-0.4368569526835786,-2.8012210839394407
-0.4655016835892245,0.758889732131246,0.9541116699528442,6.85731648947015
0.8910973869245928,0.20259292925833905,0.001957177057538617,3.525969573939913
-0.3096032157503874,-1.0,-0.824001153204865,-6.227872912811235
-0.31767035816355227,-0.8454030717241272,-0.3211216014089924,1.9845946752086798
-1.0,0.9013790974260862,0.19391470039218706,1.2387398471424171
0.6527022038100094,0.3443005809850843,-1.0,-0.9730742079453267
0.9059524897606328,0.08112998480299294,0.012797154303304525,3.432675451095677
-1.0,0.2858045962459099,0.49603568810106946,-4.876557338528831
-0.034771592548576535,0.5628679264717353,-0.5831846867071941,0.4927174005031325
-1.0,-0.4620117469831595,1.0,7.599895703313669
0.4858361650842269,0.720363555551949,-1.0,-2.541586576631802
0.6611240853288018,-0.0018861377027701298,0.5507814285142623,1.7117589759125935
0.8907920278650443,0.3872014018721286,-0.899350510888179,4.716845537019048
-0.8622389942521849,-0.8720286674946964,-0.2790446545195675,4.200970838447123
1.0,1.0,-0.1651680141866929,16.432637542042098
1.0,-0.8546075614467326,-0.08809767070813868,-0.6046535829350234
-0.9098812482959284,0.242411011194948,0.5330950606113432,-3.585645338652667
1.0,1.0,-0.7683241560541316,28.797940142943435
-0.9869424426679454,-1.0,-0.6605221839649273,4.243859238670399
-1.0,-0.6860875016976336,0.07559124660114147,1.1669817481447002
1.0,0.3804211883995774,0.16294844247103013,6.697681969403384
0.9797693706185824,-0.22202790831155328,-0.6824409522075161,5.82731005270036
0.35382905611461357,-1.0,-0.7498139107008512,-7.310347459627521
-0.6190187202672226,-0.4491140283679902,-0.46607952590511736,0.3553137368774577
1.0,0.1240031085770874,-0.09763861182162636,4.057527508068488
0.025290502124791114,-0.4370855610079447,-0.4507955343555128,0.2589838883995601
0.3744161519252065,1.0,1.0,9.841460283173946
-1.0,-0.32100538308804727,-0.18984801117743122,-1.9664026612130763
-0.532813610177632,-0.3704585057874392,0.17042955042538366,0.2643741999938346
-0.07333042096644893,0.652154259236853,0.4936283430697239,0.57118654542425
-0.25375756787258763,0.033107226306951176,0.0019124027727672743,0.23328976306510765
-0.01638751755524992,0.32578482075315196,0.7948681356293223,0.6746554335526354
-0.4453733829553044,0.06773571881375973,0.9255296963471003,0.2169692121218495
-0.08069536687845602,-1.0,-0.6922568010925647,-2.9906695884674783
-0.44089563260787634,-0.8991826285103857,-0.8341297411352306,-3.9343129467892504
-0.891640087619475,-1.0,-1.0,-0.3827771147645833
0.7699367239188635,-1.0,-0.3667353435812679,-4.868370328376574
-1.0,-0.6479001389127454,0.45262453980135664,2.9038020171126733
-0.9241053932644974,0.40786683366591236,0.3343017314695669,-3.728371061590334
-0.01853298294031913,1.0,-0.6295503704038994,9.106626308220193
0.07305573442538127,-1.0,0.6394237687752684,-0.5991005524610662
1.0,-0.4461282392282966,0.7002263853457249,5.884461737843115
-0.6786874494452924,1.0,0.8722709908304909,9.222921045718572
0.3420704811139934,-0.6955328983644136,-1.0,-8.197893038393591
-0.5484106180988049,-1.0,1.0,-2.067482547995588
-0.003944152005844748,1.0,-0.1229995277035556,8.072657113470045
-1.0,-0.43858513398596766,-0.9067853133966486,3.445113609586437
-0.48001532601199526,0.17604448780253823,1.0,1.8521887498080973
-1.0,-1.0,0.4056233493962147,10.980670460918232
-0.7463630984214038,-0.9556206032999244,-1.0,-4.620351971010043
0.09849553488123886,1.0,-0.3282879341620113,9.434613568530368
-0.0011732179276957577,0.33777778827898164,1.0,2.102111596327917
-0.03588074137143549,0.40797402206170585,-0.43793908673374315,-0.18475612626950028
0.12398264369115086,-0.05701139237817787,-0.7814801788432975,-0.06269089206830031
-1.0,0.5881246313860475,0.24935184633898433,-3.570977577785659
0.48394534372346776,1.0,-1.0,7.317521662713139
-0.6054422527822616,1.0,0.31506076925251114,5.042020980283814
-0.8758921793856855,-0.9557499149799955,0.6987319778768777,8.318089671590947
0.42986725906033496,-0.44870652437720926,-0.9429411726733379,-3.5385146711838167
-1.0,0.4573540020441058,1.0,4.15961103078616
-0.8363330202280721,0.7479461051666314,-0.26610662280631003,-1.0762951205112496
-0.8466064312397028,-0.2776013274790494,-0.412279495697778,0.5112021558787304
0.20612987233006996,-0.6099275987517196,0.315609973380385,0.32169597199700406
0.1350754751781713,0.10348825523391314,-0.13130367406949928,0.5054169380289601
-1.0,-0.1943338568574744,0.03026523146396065,-3.979070715569726
-0.22744009764246664,0.6452230069162468,0.08691334450747124,0.12542707288165705
-0.5754144397979652,-0.9829468887246946,-0.4873457038333231,1.8995929503278317
1.0,0.8501750329299935,0.22074935361061732,10.044798662473527
0.3609231982063874,0.6705250768215689,0.2641160988526736,1.3806658655589152
0.7277766463256985,1.0,-0.5671953291571481,13.18542227680408
-0.6243168189562662,-1.0,-1.0,-8.955953344740053
1.0,1.0,0.10670972271546009,14.16246778324614
1.0,-0.5571720131399984,-0.4904459177582732,3.575324895818674
-1.0,-0.4955923655219301,-0.403128379241972,-0.7961096534863296
-1.0,0.4953823199230012,-0.7110762370905281,4.992623039373493
0.8005347417818582,0.9798128487946534,0.033971821420331505,8.327916495030431
0.318201039068462,-0.09350695361773553,0.08969653386479393,1.18879900437265
0.18153904301463264,-0.31683725440827293,0.21727968262370534,0.18106602786069526
0.8668598251436119,0.5138629730012292,-1.0,3.74959828444465
-0.06015785001882379,0.2676279716587504,0.6492079337499244,-0.28206852708810115
-1.0,0.6828574453248633,0.5185042591957136,-2.9342201240462042
0.441458018342334,-0.5398815670676462,-0.3024935956305026,1.5828178262153088
0.21071173158012835,-1.0,0.2403742972359144,0.6127787091430793
-1.0,-0.7007980762813486,0.6048577603413943,5.704798440457197
1.0,0.14663851744798784,1.0,15.060025450370969
-0.05334754074232184,-1.0,1.0,-6.893371793771363
0.06973513296874212,1.0,0.7952135014306216,9.814039647847718
-0.1497150269575389,-0.16634212848549046,0.09526933002393667,0.6478946890366836
-0.16650206219061858,1.0,-0.9495940988982097,4.815474675072898
-1.0,-0.08211691787381081,0.649034221460848,-2.631590367959944
-0.0844804191449704,-0.3241476507664236,1.0,-1.595893170586436
0.9745890606225129,-0.833962534934507,-0.8898937513970147,-4.13908990545813
-0.8531344821081905,0.8708973910180613,-1.0,5.8653549264277665
0.6053855072463212,1.0,-0.41379271603447365,11.063433592659079
0.43917658879394117,0.7443327169648675,-0.6921900766723672,1.7159904907500052
-1.0,0.5916172929960659,0.1495693526686166,-2.8112351319720097
-0.00962626500010999,0.053845648680028946,1.0,1.1284054265661585
0.3190631290548567,-0.2232171353015302,-1.0,-3.490219295894947
1.0,0.11714042601644237,-0.29701383496492717,5.098133814237117
-1.0,0.08956638724236066,1.0,3.0693948675696294
-1.0,0.7429967798781396,0.633084844729259,-2.481407313025459
-0.06205291281908254,1.0,1.0,13.101143090096219
1.0,0.8599063137480574,-0.19892895567838953,9.518325427658867
0.21037507895827878,1.0,-0.3888978043844806,9.698426002754083
0.8614912176872065,-0.36199176300981173,-0.562492324477768,2.168691157011207
-0.2428027850656851,0.6901326805170622,-0.13153221123670544,0.237940364163923
-1.0,0.47348799398134567,0.888418439504314,0.11522142743108066
0.9420821654873626,-0.27761376117177083,-1.0,1.0772407880203878
0.18402937413042642,0.2753295804139604,-0.23556357275913764,1.4150133415274344
0.49377526065743704,-1.0,1.0,-7.496186643675507
0.48770059735357085,-0.27147674237695973,0.6495238523050657,0.688061541299233
1.0,0.16967552875104785,-0.16952604317966036,5.09718555590278
1.0,0.2527241496240813,0.0014223020826618082,5.831483725786374
1.0,0.5295889212623475,1.0,23.85787626421396
1.0,0.06589784965509882,0.9067417295833924,11.169001272718212
-0.5766028588175314,-0.7791754750479978,0.4848931743247016,1.6840832488503756
-0.7245963899860473,1.0,-0.1807593692739642,5.560428782503462
1.0,-0.8287756217084796,1.0,-0.632002958413304
-0.34650236586919436,0.7406201428688164,-0.4156113944217148,0.061779310006349994
-0.2736006216157272,1.0,0.45749424715685105,6.525288515842062
-0.24987018383079795,-0.29344296462213215,0.3929394438159699,-0.1719960871574438
-0.9204933869843843,0.30292412354255926,-0.9392564385856625,6.625515824061408
-0.6964635526552947,0.018532888769486888,-0.1526378885875801,-0.46997926427121717
-0.28270835548344997,-0.047942120440483516,-0.010578923090837078,0.1856052310083124
0.15523011363165673,0.392723107360472,1.0,1.7950961846429503
1.0,-0.372431666682971,0.598529378177711,5.968261832202125
-0.875183835418238,0.05525768137800302,-0.08818071289457396,-2.2937342720237135
-0.4903440990214136,0.33894185607011584,0.24623167197333418,-1.5801821722305869
0.6588514066677305,-0.9609760552936264,-0.1624753088142863,-0.8136150587091463
-0.9392674538612216,1.0,0.7847972229082609,3.333453534992037
0.18502784240443937,0.6454004518032297,-1.0,-4.06234549807894
0.3918890119849441,0.32416061993896395,0.18013253716094013,1.62914383114467
-0.4977469849868792,1.0,-0.9351685013890825,1.9613765814725492
0.0725091625354981,-1.0,-0.1084221987542231,1.6418633491792227
-0.13965890682139515,0.6832692582199946,0.20336621743667194,0.8456326493278176
0.743241746586579,-0.20359766163069937,0.7393410871896182,2.450782573848775
-0.510176690773605,0.2326579042031367,-0.5441276478692763,-1.143423816976155
-1.0,0.9611560722427688,0.9805753865767943,13.713507584415089
0.8660144523965809,0.030091281074354992,-0.43321854482026145,3.0916546191365564
-0.5517814146242848,0.23260139674514768,0.1598357386751874,-1.3444199130297305
0.6230605154529651,0.5343093759683102,-1.0,-0.9391081466617357
-0.08045018472980536,1.0,-0.1622916889020538,7.8544899477133905
0.8208737662344217,1.0,-0.4890172647906783,13.386324412175451
-1.0,-0.17783101912937926,0.2415318709086567,-3.6946654775595724
0.1012894519550418,-1.0,-1.0,-17.811364695673674
-0.8713106570530065,-0.008597129250489832,0.47111123555962653,-1.7533852475193932
-0.766613278318169,0.2901774507729058,0.030161501814626623,-2.6341656797320008
0.1763275285699475,0.06454341240231254,0.20890619914299546,0.808547639194353
-0.33465315495517434,-1.0,-0.4722488731182455,0.6122233086359201
0.8886230112809099,0.14102112529652366,0.158333393268155,3.359416197325281
-0.45626893777483235,-0.14904318180497977,-1.0,-1.2967753188822129
-1.0,0.9691571330512962,-0.8117612912244281,13.807882881875331
0.8599413342055706,0.1164349493152197,0.7808080981668681,5.6136372020095155
1.0,-0.3933103085476988,-1.0,3.0620255122220907
1.0,0.3191077651935239,-0.365215265185338,5.068844975957895
-1.0,-0.7463526487254244,-0.23934439563496768,1.388299900868871
0.6630397088061324,-0.7230091135237349,-0.332738528205597,0.8864572591972169
-1.0,-1.0,-1.0,2.751471623797529
0.35079100438252286,1.0,0.9538549974219184,10.223137829909408
-0.5569884329374737,-0.9217135275099615,-0.1864255264615915,3.8800046712474985
-0.6016821384111062,0.5852903066128463,0.21056463912507817,-1.9930599042228698
-0.37913492879418853,-0.08739123985025543,-0.01670591464625315,-0.1800663677009249
-0.13466618145119758,0.08887413368165809,-0.757521683747522,0.4347719649474946
-1.0,0.29600421616757444,1.0,3.364911631783882
-1.0,1.0,-0.180308559876168,9.997432218666885
1.0,1.0,-1.0,39.523051924929774
-0.6441491552148058,1.0,-1.0,-0.421813019854391
-1.0,-0.17956077414252536,0.7451523694308839,-0.6298458476852224
-0.19479865601599156,-0.591181583512955,0.9025506145259103,-0.5255897609727795
-0.24849427554297954,0.747920555074469,-1.0,-3.874837509092798
-0.5669057145401688,-0.3126490182628838,1.0,0.9921765002656148
-0.7890746661392185,0.9575103345061355,0.7174708989936038,3.018126371656181
-0.8389576099348695,0.13414260705669512,0.21096358111069247,-2.545531656061737
0.01230286034705208,-0.5833003163428474,-0.5001050522336883,0.8196320004654645
-0.5211765385823006,-1.0,-0.3722235569408736,3.239886017422961
