degree,method,alpha,n_terms,cv_mse,cv_mse_se,cv_r2
5,lasso,0.01,461,0.3245757196703915,0.010801543500174543,0.9669322927961227
5,lasso,0.0075,461,0.325889971309404,0.010622876211074274,0.9667983971109027
5,lasso,0.015,461,0.3315865592244043,0.011701271042849768,0.9662180299120694
5,lasso,0.005,461,0.33623993731929613,0.010561714192099182,0.9657439447139927
6,lasso,0.01,923,0.338396958458864,0.011681794271109082,0.9655241878463249
6,lasso,0.015,923,0.34253497967997154,0.012580096231435538,0.9651026070999832
6,lasso,0.0075,923,0.34398122119532976,0.01141200722880736,0.964955264313454
5,lasso,0.02,461,0.34505288040188214,0.012706608495206282,0.9648460838950894
6,lasso,0.02,923,0.35702347990091404,0.01317476560150009,0.9636265216934224
7,lasso,0.01,1715,0.3588594075046094,0.011828589918589393,0.9634394777687931
7,lasso,0.015,1715,0.35926770963282356,0.01248231618427824,0.9633978800323999
5,lasso,0.003,461,0.3619307819025344,0.010718114141876385,0.9631265667802349
6,lasso,0.005,923,0.36347188692113763,0.011824452458199188,0.9629695593196111
7,lasso,0.0075,1715,0.36762355198824676,0.011568680816048308,0.9625465885410601
7,lasso,0.02,1715,0.3702920149262979,0.013021635432619779,0.9622747260887193
5,lasso,0.03,461,0.38602855637214917,0.015336719389847141,0.9606714905002363
7,lasso,0.005,1715,0.39603489174206824,0.013375432468020233,0.9596520471218705
6,lasso,0.03,923,0.39969276460665987,0.015231563137597272,0.959279383790805
7,lasso,0.03,1715,0.4040018856708194,0.014656140326737314,0.9588403714278335
6,lasso,0.003,923,0.40474076734601333,0.01493449495878535,0.9587650943155516
7,lasso,0.003,1715,0.44920846215727384,0.01903364014986544,0.9542347347632616
5,ridge,30.0,461,0.49078283673987566,0.01666421936959006,0.9499991460775833
5,ridge,10.0,461,0.4956649558512456,0.01687630218637382,0.9495017567920472
5,ridge,100.0,461,0.5676422578679432,0.019717383702977535,0.9421687241461357
6,ridge,30.0,923,0.5765928535276971,0.024940168586253492,0.9412568393111345
5,ridge,3.0,461,0.5819120621578956,0.023183637685458367,0.940714919435802
4,lasso,0.0075,209,0.5911753820336559,0.027719717027454217,0.9397711743223395
4,lasso,0.01,209,0.5925793042264987,0.028038666377338498,0.9396281430196373
4,lasso,0.005,209,0.5986521639458239,0.027564591116234074,0.9390094413271854
4,lasso,0.015,209,0.6030227517709061,0.028531095097573445,0.9385641667433212
4,lasso,0.003,209,0.6183380267283073,0.027650794573975596,0.9370038496975714
4,lasso,0.02,209,0.6190017180550689,0.029266720501067846,0.9369362329624398
6,ridge,100.0,923,0.6304577674847928,0.028011272673896827,0.9357690930154346
6,ridge,10.0,923,0.6326342894608622,0.030191032245985103,0.9355473494065765
7,ridge,100.0,1715,0.6575784410872461,0.025252597783314266,0.933006044396861
4,lasso,0.03,209,0.6631464503204479,0.031077347626254432,0.9324387767675417
7,ridge,30.0,1715,0.6777676827323006,0.02894697311598132,0.9309491686328175
4,ridge,10.0,209,0.7001078366918719,0.033682081772658204,0.9286731583669392
4,ridge,3.0,209,0.7023779370812785,0.030612512335613122,0.9284418810086804
4,ridge,1.0,209,0.715492379319737,0.02996657439710435,0.9271057843452458
4,ridge,0.1,209,0.7275386814509152,0.02995547641361633,0.9258785095750697
4,ridge,0.01,209,0.7291042360669358,0.029975183938282936,0.9257190111945166
4,ols,0.0,209,0.7292832178577681,0.029977696561484152,0.9257007765666767
4,ridge,30.0,209,0.7408202990078845,0.03856759733295178,0.9245253811247538
5,ridge,1.0,461,0.7524633868769846,0.03445957694861895,0.9233391857402211
7,ridge,10.0,1715,0.8181422365374696,0.038899801667239824,0.9166478381179592
6,ridge,3.0,923,0.8549591417771617,0.047145195574833196,0.9128969394251816
4,ridge,100.0,209,0.8821821830836186,0.04340747752933621,0.9101234616060917
3,lasso,0.005,83,0.9840855806937188,0.04357339426871151,0.899741564529277
3,lasso,0.0075,83,0.984258095842538,0.04406809914867576,0.8997239887215881
3,lasso,0.003,83,0.9856674636103722,0.043268629294879374,0.8995804026248319
3,lasso,0.01,83,0.9881250245701554,0.04454900598127799,0.8993300268224265
3,ridge,10.0,83,0.9936134454187572,0.0435305600180106,0.8987708676412729
3,ridge,3.0,83,0.9936450923575286,0.04342960781862066,0.8987676434576949
3,ridge,1.0,83,0.9957408702673558,0.04333552186301602,0.8985541260376091
3,ridge,0.1,83,0.9971941357088134,0.043274073125079505,0.8984060676549412
3,ridge,0.01,83,0.9973606971063224,0.04326712394924357,0.8983890984142048
3,ols,0.0,83,0.9973794599068438,0.04326634214179121,0.8983871868639675
3,lasso,0.015,83,0.999035688185052,0.04518900907448797,0.8982184506694604
3,lasso,0.02,83,1.0142388954537103,0.045931219385565325,0.8966695510566662
3,ridge,30.0,83,1.0186830130524833,0.043855892208381805,0.8962167852746631
3,lasso,0.03,83,1.0525504691804028,0.04807969245354081,0.8927663758475023
7,ridge,3.0,1715,1.1892014371445774,0.06123469908010061,0.8788444034881572
3,ridge,100.0,83,1.1927441976417839,0.04981709340470007,0.878483467781278
5,ridge,0.1,461,1.264390013774641,0.08578287527706453,0.871184206848667
6,ridge,1.0,923,1.3354826321840043,0.07113081403299178,0.8639413055857349
5,ridge,0.01,461,1.4990951607446668,0.11309571686813809,0.8472724950079622
5,ols,0.0,461,1.5376075124652755,0.11767308892393409,0.8433488645782952
7,ridge,1.0,1715,1.8555432637805322,0.10800980375477363,0.8109576359774187
2,ridge,10.0,27,2.9091432306911287,0.0961246568474723,0.7036170892131852
2,ridge,3.0,27,2.9096732632884206,0.09657084450395068,0.7035630896017739
2,ridge,1.0,27,2.910181798935015,0.09670498480204444,0.7035112800952544
2,ridge,0.1,27,2.91046499915985,0.09676634741658942,0.7034824277149088
2,ridge,0.01,27,2.910495202646011,0.09677251816422922,0.7034793505899841
2,ols,0.0,27,2.91049857983321,0.0967732041912978,0.7034790065228507
2,ridge,30.0,27,2.9169581507143105,0.0950311671903959,0.7028209067772017
2,ridge,100.0,27,3.015510797696759,0.09279138177463112,0.69278038348146
7,ridge,0.1,1715,4.43715384291751,0.30460199200462396,0.5479436840033607
6,ridge,0.1,923,5.2607644759984735,0.3236335533177074,0.4640344030122302
7,ridge,0.01,1715,7.715597098399818,0.5392754566142566,0.21393656305510633
1,ridge,100.0,6,8.864062547807885,0.15045651895474826,0.09693114055042462
1,ridge,30.0,6,8.865364382663815,0.15147396848894742,0.09679850988449745
1,ridge,10.0,6,8.86857408795273,0.15207740808800213,0.09647150577336927
1,ridge,3.0,6,8.870090612720395,0.15233247453300572,0.0963170025436284
1,ridge,1.0,6,8.87056481354094,0.15240993405672124,0.09626869106208713
1,ridge,0.1,6,8.870784321605983,0.152445477299727,0.09624632762581053
1,ridge,0.01,6,8.870806483229646,0.15244905529029956,0.09624406980417433
1,ols,0.0,6,8.870808948005815,0.1524494531113008,0.09624381869328802
6,ridge,0.01,923,23.849639095747907,1.8429787560150959,-1.4297962994188773
